[
  {
    "id": "d6c5c338-8595-46a5-90c5-7522a5bb3335",
    "data": [
      {
        "text": "what is these number?",
        "userDefined": false
      }
    ],
    "isTemplate": false,
    "count": 0,
    "updated": 1497947484
  },
  {
    "id": "36b4f12f-98ee-415c-9553-1b9614a55faf",
    "data": [
      {
        "text": "What is my account number?",
        "userDefined": false
      }
    ],
    "isTemplate": false,
    "count": 0,
    "updated": 1497947484
  },
  {
    "id": "0775d858-670f-4129-8f0d-80dd4c86dab7",
    "data": [
      {
        "text": "What is it?",
        "userDefined": false
      }
    ],
    "isTemplate": false,
    "count": 0,
    "updated": 1497947484
  },
  {
    "id": "ad1d7232-4a66-4fbc-acb6-787e690ceeac",
    "data": [
      {
        "text": "Where can I find my number?",
        "userDefined": false
      }
    ],
    "isTemplate": false,
    "count": 0,
    "updated": 0
  },
  {
    "id": "3a83184f-141c-4d32-bff2-4f14bc39cfb6",
    "data": [
      {
        "text": "I don\u0027t know what is account number?",
        "userDefined": false
      }
    ],
    "isTemplate": false,
    "count": 0,
    "updated": 0
  },
  {
    "id": "ae7a2e95-b2e1-4b65-9e1f-695ea7c43055",
    "data": [
      {
        "text": "How can I get my Account Number?",
        "userDefined": false
      }
    ],
    "isTemplate": false,
    "count": 0,
    "updated": 0
  },
  {
    "id": "6f4cba6a-a015-40d1-b211-fc2385bb5818",
    "data": [
      {
        "text": "What is the Account Number?",
        "userDefined": false
      }
    ],
    "isTemplate": false,
    "count": 0,
    "updated": 0
  }
]