[
  {
    "id": "ace4b09a-cdc9-4b11-89f4-741fb1c2fa8a",
    "data": [
      {
        "text": "It should be ",
        "userDefined": false
      },
      {
        "text": "11000708653",
        "alias": "number",
        "meta": "@sys.number",
        "userDefined": true
      }
    ],
    "isTemplate": false,
    "count": 0,
    "updated": 1503334449
  },
  {
    "id": "ef96d89a-fbbb-49ac-b876-1653c1a846f6",
    "data": [
      {
        "text": "it is ",
        "userDefined": false
      },
      {
        "text": "11000708654",
        "alias": "number",
        "meta": "@sys.number",
        "userDefined": true
      }
    ],
    "isTemplate": false,
    "count": 0,
    "updated": 1503334333
  },
  {
    "id": "fd746dd0-2d84-4b58-ac8f-5bf980bde8cb",
    "data": [
      {
        "text": "11000708653",
        "alias": "number",
        "meta": "@sys.number",
        "userDefined": true
      }
    ],
    "isTemplate": false,
    "count": 1,
    "updated": 1503334333
  },
  {
    "id": "7785f024-2a38-4473-b0c8-c691ad932007",
    "data": [
      {
        "text": "my number is ",
        "userDefined": false
      },
      {
        "text": "11000708653",
        "alias": "number",
        "meta": "@sys.number",
        "userDefined": true
      }
    ],
    "isTemplate": false,
    "count": 0,
    "updated": 1503334333
  },
  {
    "id": "4efccee1-74ea-406b-ae68-a525785ee2fb",
    "data": [
      {
        "text": "It is ",
        "userDefined": false
      },
      {
        "text": "00123456789",
        "alias": "number",
        "meta": "@sys.number",
        "userDefined": false
      }
    ],
    "isTemplate": false,
    "count": 0,
    "updated": 1498544112
  },
  {
    "id": "fb57b524-98b2-49a6-8ae0-12fd1a16fd3f",
    "data": [
      {
        "text": "It\u0027s ",
        "userDefined": false
      },
      {
        "text": "123456789",
        "alias": "number",
        "meta": "@sys.number",
        "userDefined": false
      }
    ],
    "isTemplate": false,
    "count": 0,
    "updated": 1498544112
  },
  {
    "id": "5ec52a5d-4eee-4f3d-bc50-f683549e6e8e",
    "data": [
      {
        "text": "It should be ",
        "userDefined": false
      },
      {
        "text": "123456789",
        "alias": "number",
        "meta": "@sys.number",
        "userDefined": false
      }
    ],
    "isTemplate": false,
    "count": 0,
    "updated": 1498544112
  },
  {
    "id": "9fe4226b-0e1a-4d7b-88af-98bbd3a981fd",
    "data": [
      {
        "text": "Mine is ",
        "userDefined": false
      },
      {
        "text": "123456789",
        "alias": "number",
        "meta": "@sys.number",
        "userDefined": false
      }
    ],
    "isTemplate": false,
    "count": 0,
    "updated": 1498544112
  },
  {
    "id": "cebc7eac-b705-4ac5-9f94-2d1d19959183",
    "data": [
      {
        "text": "123456789",
        "alias": "number",
        "meta": "@sys.number",
        "userDefined": false
      }
    ],
    "isTemplate": false,
    "count": 0,
    "updated": 1498544112
  },
  {
    "id": "5a6c3724-9304-4166-9cb2-b6e3cb1bd6ae",
    "data": [
      {
        "text": "My number ",
        "userDefined": false
      },
      {
        "text": "123456789",
        "alias": "number",
        "meta": "@sys.number",
        "userDefined": true
      }
    ],
    "isTemplate": false,
    "count": 0,
    "updated": 1498544112
  },
  {
    "id": "b875e94b-bc98-4d7c-97f7-762e570fa33f",
    "data": [
      {
        "text": "My number is ",
        "userDefined": false
      },
      {
        "text": "123456789",
        "alias": "number",
        "meta": "@sys.number",
        "userDefined": true
      }
    ],
    "isTemplate": false,
    "count": 0,
    "updated": 1498544112
  },
  {
    "id": "99492661-d4d0-416c-b5c8-473e7f4c1437",
    "data": [
      {
        "text": "My account number is ",
        "userDefined": false
      },
      {
        "text": "123456789",
        "alias": "number",
        "meta": "@sys.number",
        "userDefined": false
      }
    ],
    "isTemplate": false,
    "count": 0,
    "updated": 1498544112
  }
]