[
  {
    "id": "2ea9e3e5-ebc7-4f65-a591-1723a2932b43",
    "data": [
      {
        "text": "It is lost",
        "userDefined": false
      }
    ],
    "isTemplate": false,
    "count": 0,
    "updated": 0
  },
  {
    "id": "f5f06bb7-b2b2-4d55-9557-80941435e9b0",
    "data": [
      {
        "text": "I forgot it",
        "userDefined": false
      }
    ],
    "isTemplate": false,
    "count": 0,
    "updated": 0
  },
  {
    "id": "3544f4b3-6597-42df-8494-f783ea267116",
    "data": [
      {
        "text": "I forget my account number",
        "userDefined": false
      }
    ],
    "isTemplate": false,
    "count": 0,
    "updated": 0
  },
  {
    "id": "d84b7eca-d031-4495-8159-bba244a3bb3b",
    "data": [
      {
        "text": "I forget it",
        "userDefined": false
      }
    ],
    "isTemplate": false,
    "count": 0,
    "updated": 0
  },
  {
    "id": "46b479a3-7657-422b-a837-f17282902c27",
    "data": [
      {
        "text": "I don\u0027t remember my account number",
        "userDefined": false
      }
    ],
    "isTemplate": false,
    "count": 0,
    "updated": 0
  },
  {
    "id": "87fc6fb5-99c5-4c72-a200-c5c149d96074",
    "data": [
      {
        "text": "I don\u0027t remember it",
        "userDefined": false
      }
    ],
    "isTemplate": false,
    "count": 0,
    "updated": 0
  }
]