[
  {
    "id": "1fed603e-ba71-4f47-83a5-ad30080564c6",
    "data": [
      {
        "text": "don\u0027t remember",
        "userDefined": false
      }
    ],
    "isTemplate": false,
    "count": 0,
    "updated": 1498008670
  },
  {
    "id": "60967bb9-5c2b-4744-b97f-efccdb120c84",
    "data": [
      {
        "text": "do not remember",
        "userDefined": false
      }
    ],
    "isTemplate": false,
    "count": 0,
    "updated": 1498008670
  },
  {
    "id": "3ace0709-7902-4fdc-a11a-53f0b2d3596f",
    "data": [
      {
        "text": "forget",
        "userDefined": false
      }
    ],
    "isTemplate": false,
    "count": 0,
    "updated": 1498008670
  },
  {
    "id": "29ea4ec2-d5e3-45cf-bc9a-aedf16e236fc",
    "data": [
      {
        "text": "forgot",
        "userDefined": false
      }
    ],
    "isTemplate": false,
    "count": 0,
    "updated": 1498008670
  },
  {
    "id": "903a3c89-5888-4640-806f-e8cb0abb0808",
    "data": [
      {
        "text": "I don\u0027t know my password",
        "userDefined": false
      }
    ],
    "isTemplate": false,
    "count": 0,
    "updated": 1498008670
  },
  {
    "id": "2130be2c-8f47-4758-85ed-99cbcd375c22",
    "data": [
      {
        "text": "I don\u0027t know it",
        "userDefined": false
      }
    ],
    "isTemplate": false,
    "count": 0,
    "updated": 1497950437
  },
  {
    "id": "2bfc7b85-6f49-4174-bd82-521ec7bc6398",
    "data": [
      {
        "text": "I don\u0027t remember it",
        "userDefined": false
      }
    ],
    "isTemplate": false,
    "count": 0,
    "updated": 0
  },
  {
    "id": "81c5946a-320a-40b7-96bd-8f757dd1b416",
    "data": [
      {
        "text": "I forgot it",
        "userDefined": false
      }
    ],
    "isTemplate": false,
    "count": 0,
    "updated": 0
  },
  {
    "id": "0387b81c-fd39-4d05-b4c2-9e2480813126",
    "data": [
      {
        "text": "I forget my password",
        "userDefined": false
      }
    ],
    "isTemplate": false,
    "count": 0,
    "updated": 0
  },
  {
    "id": "cc84f8c6-8232-4e59-81d7-3fe6ea211168",
    "data": [
      {
        "text": "I don\u0027t remember my password",
        "userDefined": false
      }
    ],
    "isTemplate": false,
    "count": 0,
    "updated": 0
  }
]