[
  {
    "id": "6ed2d60f-e422-43c8-ab0e-77aabf16ed0e",
    "data": [
      {
        "text": "I want to transfer money",
        "userDefined": false
      }
    ],
    "isTemplate": false,
    "count": 0,
    "updated": 1499652286
  },
  {
    "id": "42fc8daf-9f98-40d5-a693-b3189eb2d016",
    "data": [
      {
        "text": "I need to transfer my money",
        "userDefined": false
      }
    ],
    "isTemplate": false,
    "count": 0,
    "updated": 1499652286
  },
  {
    "id": "61bdb46c-b5c0-4935-8f3c-554fabc4a6f7",
    "data": [
      {
        "text": "help me to transfer some money",
        "userDefined": false
      }
    ],
    "isTemplate": false,
    "count": 0,
    "updated": 1499652286
  },
  {
    "id": "c9b31ed6-145a-4ee4-b758-a6d29487b580",
    "data": [
      {
        "text": "transfer money",
        "userDefined": false
      }
    ],
    "isTemplate": false,
    "count": 0,
    "updated": 1499397619
  },
  {
    "id": "8d76e327-30e3-4ff6-b9af-afc4a6288160",
    "data": [
      {
        "text": "transfer money to my friend",
        "userDefined": false
      }
    ],
    "isTemplate": false,
    "count": 0,
    "updated": 1499397415
  },
  {
    "id": "ed1a7f11-c732-4991-8254-1e5ec11d748c",
    "data": [
      {
        "text": "transfer my money",
        "userDefined": false
      }
    ],
    "isTemplate": false,
    "count": 0,
    "updated": 1499397415
  },
  {
    "id": "ec14d7d2-4d3c-4680-ad41-81a1a0f3b68d",
    "data": [
      {
        "text": "transfer",
        "userDefined": false
      }
    ],
    "isTemplate": false,
    "count": 0,
    "updated": 1499397415
  }
]