[
  {
    "id": "a4339f75-3603-4535-9185-385c358b38c1",
    "data": [
      {
        "text": "aaaaaa",
        "alias": "any",
        "meta": "@sys.any",
        "userDefined": true
      }
    ],
    "isTemplate": false,
    "count": 0,
    "updated": 1498531922
  },
  {
    "id": "3455e835-d3dd-4c7f-b1ea-965ef4ef40bb",
    "data": [
      {
        "text": "Le Nguyen Ngoc D",
        "userDefined": false
      }
    ],
    "isTemplate": false,
    "count": 0,
    "updated": 1498035936
  },
  {
    "id": "25756d7c-4606-4052-9a15-3d3baecad1d5",
    "data": [
      {
        "text": "Thai Thi C",
        "userDefined": false
      }
    ],
    "isTemplate": false,
    "count": 0,
    "updated": 1498035936
  },
  {
    "id": "f269ecd6-577b-4fd6-bf1d-89dde5bd04c0",
    "data": [
      {
        "text": "Tran Thi B",
        "userDefined": false
      }
    ],
    "isTemplate": false,
    "count": 0,
    "updated": 1498035936
  },
  {
    "id": "ca5d793e-6ca9-4278-bacd-50118c3dba26",
    "data": [
      {
        "text": "Nguyen Van A",
        "userDefined": false
      }
    ],
    "isTemplate": false,
    "count": 0,
    "updated": 1498035936
  }
]