[
  {
    "id": "961106bb-4d06-48d7-97e8-f71c92cc4846",
    "data": [
      {
        "text": "His account number is ",
        "userDefined": false
      },
      {
        "text": "123456789",
        "alias": "number",
        "meta": "@sys.number",
        "userDefined": false
      }
    ],
    "isTemplate": false,
    "count": 0,
    "updated": 1498120076
  },
  {
    "id": "b1275f6e-cfd4-4faf-b1e5-d86564cc5252",
    "data": [
      {
        "text": "That number is ",
        "userDefined": false
      },
      {
        "text": "123456789",
        "alias": "number",
        "meta": "@sys.number",
        "userDefined": false
      }
    ],
    "isTemplate": false,
    "count": 0,
    "updated": 1498120076
  },
  {
    "id": "de6666d0-8ef8-468e-aea6-79d34e8fb6ad",
    "data": [
      {
        "text": "Her number is ",
        "userDefined": false
      },
      {
        "text": "123456789",
        "alias": "number",
        "meta": "@sys.number",
        "userDefined": false
      }
    ],
    "isTemplate": false,
    "count": 0,
    "updated": 1498120076
  },
  {
    "id": "16990c09-2c8b-40da-a45b-d6cfa7b8d305",
    "data": [
      {
        "text": "It should be ",
        "userDefined": false
      },
      {
        "text": "123456789",
        "alias": "number",
        "meta": "@sys.number",
        "userDefined": true
      }
    ],
    "isTemplate": false,
    "count": 0,
    "updated": 1498120076
  },
  {
    "id": "6f2c85ed-6e84-408a-a228-81e2169df653",
    "data": [
      {
        "text": "It is ",
        "userDefined": false
      },
      {
        "text": "00123456789",
        "alias": "number",
        "meta": "@sys.number",
        "userDefined": false
      }
    ],
    "isTemplate": false,
    "count": 0,
    "updated": 1498120076
  },
  {
    "id": "e2420492-f04e-414b-be4d-2aa30623a1cf",
    "data": [
      {
        "text": "it is ",
        "userDefined": false
      },
      {
        "text": "0011000708654",
        "alias": "number",
        "meta": "@sys.number",
        "userDefined": false
      }
    ],
    "isTemplate": false,
    "count": 0,
    "updated": 1498120076
  }
]