[
  {
    "id": "956f09a4-66d9-43a4-ab5c-d3f27ad74600",
    "data": [
      {
        "text": "I will send about ",
        "userDefined": false
      },
      {
        "text": "12000",
        "alias": "number",
        "meta": "@sys.number",
        "userDefined": false
      }
    ],
    "isTemplate": false,
    "count": 0,
    "updated": 1499156191
  },
  {
    "id": "b0412206-adba-460b-930a-4b0db84aca84",
    "data": [
      {
        "text": "I will send ",
        "userDefined": false
      },
      {
        "text": "10000",
        "alias": "number",
        "meta": "@sys.number",
        "userDefined": false
      }
    ],
    "isTemplate": false,
    "count": 0,
    "updated": 1499156191
  },
  {
    "id": "5f13e05b-bf09-4449-8ead-7e0d83f7bd74",
    "data": [
      {
        "text": "send ",
        "userDefined": false
      },
      {
        "text": "120000",
        "alias": "number",
        "meta": "@sys.number",
        "userDefined": false
      }
    ],
    "isTemplate": false,
    "count": 0,
    "updated": 1498548545
  },
  {
    "id": "cd75936a-a992-4314-a889-3d52d2586acd",
    "data": [
      {
        "text": "I want to send ",
        "userDefined": false
      },
      {
        "text": "123000",
        "alias": "number",
        "meta": "@sys.number",
        "userDefined": false
      }
    ],
    "isTemplate": false,
    "count": 0,
    "updated": 0
  },
  {
    "id": "a88504e2-5976-4660-9dfa-cd8070936ca1",
    "data": [
      {
        "text": "400000000",
        "alias": "number",
        "meta": "@sys.number",
        "userDefined": false
      }
    ],
    "isTemplate": false,
    "count": 0,
    "updated": 0
  },
  {
    "id": "c11d6d84-3945-4745-acfe-59f99df9b2a2",
    "data": [
      {
        "text": "It\u0027s ",
        "userDefined": false
      },
      {
        "text": "123456",
        "alias": "number",
        "meta": "@sys.number",
        "userDefined": false
      }
    ],
    "isTemplate": false,
    "count": 0,
    "updated": 0
  },
  {
    "id": "a536cd8b-0701-474a-ae42-6e1d6c9d42c2",
    "data": [
      {
        "text": "600000",
        "alias": "number",
        "meta": "@sys.number",
        "userDefined": false
      }
    ],
    "isTemplate": false,
    "count": 0,
    "updated": 0
  },
  {
    "id": "c7b904be-28c8-420a-b633-b656bb381285",
    "data": [
      {
        "text": "233000",
        "alias": "number",
        "meta": "@sys.number",
        "userDefined": false
      }
    ],
    "isTemplate": false,
    "count": 0,
    "updated": 0
  },
  {
    "id": "e8404a7b-61fb-4129-b141-c1ea0c2e102c",
    "data": [
      {
        "text": "about ",
        "userDefined": false
      },
      {
        "text": "150000",
        "alias": "number",
        "meta": "@sys.number",
        "userDefined": false
      }
    ],
    "isTemplate": false,
    "count": 0,
    "updated": 0
  }
]