[
  {
    "id": "6512f8d4-c429-429a-8d7d-f8a3a0a4d866",
    "data": [
      {
        "text": "12345",
        "alias": "number",
        "meta": "@sys.number",
        "userDefined": false
      }
    ],
    "isTemplate": false,
    "count": 0,
    "updated": 0
  },
  {
    "id": "8e01c880-8cd4-496f-b92f-060cfd7dcd21",
    "data": [
      {
        "text": "It is ",
        "userDefined": false
      },
      {
        "text": "12345",
        "alias": "number",
        "meta": "@sys.number",
        "userDefined": false
      }
    ],
    "isTemplate": false,
    "count": 0,
    "updated": 0
  },
  {
    "id": "98309487-cb13-4594-8a0a-38852daef15a",
    "data": [
      {
        "text": "My code is ",
        "userDefined": false
      },
      {
        "text": "12345",
        "alias": "number",
        "meta": "@sys.number",
        "userDefined": false
      }
    ],
    "isTemplate": false,
    "count": 0,
    "updated": 0
  }
]