[
  {
    "id": "806c2e5e-3f06-4406-af31-e5e52eceb289",
    "data": [
      {
        "text": "yes, please send it",
        "userDefined": false
      }
    ],
    "isTemplate": false,
    "count": 0,
    "updated": 1498805843
  },
  {
    "id": "c9c26c97-a3fc-4dad-9fe3-16d9319be3fc",
    "data": [
      {
        "text": "Please send it",
        "userDefined": false
      }
    ],
    "isTemplate": false,
    "count": 0,
    "updated": 1498805843
  },
  {
    "id": "9e802d04-dcab-42a7-a25e-a7f9fd6a7b1f",
    "data": [
      {
        "text": "Im sure",
        "userDefined": false
      }
    ],
    "isTemplate": false,
    "count": 0,
    "updated": 0
  },
  {
    "id": "7e7c7f5e-2eb8-49a9-8700-b0af593b9e71",
    "data": [
      {
        "text": "I\u0027m Sure",
        "userDefined": false
      }
    ],
    "isTemplate": false,
    "count": 0,
    "updated": 0
  },
  {
    "id": "0c8ddfd2-497e-4cab-b15b-71c7589ce447",
    "data": [
      {
        "text": "Okey",
        "userDefined": false
      }
    ],
    "isTemplate": false,
    "count": 0,
    "updated": 0
  },
  {
    "id": "bff74feb-1310-472d-84e6-a0b0399fa6bc",
    "data": [
      {
        "text": "Yesss",
        "userDefined": false
      }
    ],
    "isTemplate": false,
    "count": 1,
    "updated": 0
  },
  {
    "id": "e8759f77-f1b3-436c-9d1a-4daf3e937dba",
    "data": [
      {
        "text": "Yeahhh",
        "userDefined": false
      }
    ],
    "isTemplate": false,
    "count": 0,
    "updated": 0
  },
  {
    "id": "0cf3c477-1dc3-44fb-8eeb-7bd0f192d39a",
    "data": [
      {
        "text": "Yee",
        "userDefined": false
      }
    ],
    "isTemplate": false,
    "count": 0,
    "updated": 0
  },
  {
    "id": "e3dad300-092e-4893-91ab-49e73f70d2b7",
    "data": [
      {
        "text": "Yeah",
        "userDefined": false
      }
    ],
    "isTemplate": false,
    "count": 0,
    "updated": 0
  },
  {
    "id": "58a13b51-290f-4f91-903d-bcce58197d6f",
    "data": [
      {
        "text": "Ok",
        "userDefined": false
      }
    ],
    "isTemplate": false,
    "count": 0,
    "updated": 0
  },
  {
    "id": "24897192-eb8e-4896-983b-99b7979efe46",
    "data": [
      {
        "text": "Sure",
        "userDefined": false
      }
    ],
    "isTemplate": false,
    "count": 0,
    "updated": 0
  },
  {
    "id": "dcfd322b-3d5e-410f-9d29-fae7a30a80b7",
    "data": [
      {
        "text": "I confirm",
        "userDefined": false
      }
    ],
    "isTemplate": false,
    "count": 0,
    "updated": 0
  },
  {
    "id": "328a927c-9586-4105-add2-1f1ee4233dec",
    "data": [
      {
        "text": "yes",
        "userDefined": false
      }
    ],
    "isTemplate": false,
    "count": 0,
    "updated": 0
  }
]