[
  {
    "id": "7cd2a538-5f9a-4257-a8ac-8b42a80a4abc",
    "data": [
      {
        "text": "cancel",
        "userDefined": false
      }
    ],
    "isTemplate": false,
    "count": 0,
    "updated": 0
  },
  {
    "id": "aa4627d3-d7ca-4bd2-846d-2d8d9379d725",
    "data": [
      {
        "text": "No",
        "userDefined": false
      }
    ],
    "isTemplate": false,
    "count": 0,
    "updated": 0
  },
  {
    "id": "b42ceb52-a124-40c9-bce5-c04b357b4544",
    "data": [
      {
        "text": "No, I have mistake",
        "userDefined": false
      }
    ],
    "isTemplate": false,
    "count": 0,
    "updated": 0
  },
  {
    "id": "aef1efba-d5e0-41b7-9d39-6763d11acaf9",
    "data": [
      {
        "text": "Please cancel it",
        "userDefined": false
      }
    ],
    "isTemplate": false,
    "count": 0,
    "updated": 0
  }
]