[
  {
    "id": "d2c4c215-11be-4452-aae4-6cb4a061826e",
    "data": [
      {
        "text": "I don\u0027t have code",
        "userDefined": false
      }
    ],
    "isTemplate": false,
    "count": 0,
    "updated": 1499156162
  },
  {
    "id": "f182ef82-4d5f-4520-a82d-0eeb48d1bc03",
    "data": [
      {
        "text": "send me code",
        "userDefined": false
      }
    ],
    "isTemplate": false,
    "count": 0,
    "updated": 0
  },
  {
    "id": "f8dc63af-dd9f-4920-a211-097d341c495b",
    "data": [
      {
        "text": "please send me code",
        "userDefined": false
      }
    ],
    "isTemplate": false,
    "count": 0,
    "updated": 0
  },
  {
    "id": "fefc3079-177d-4143-b5e5-7bbc6b6b0452",
    "data": [
      {
        "text": "Please resend me a code",
        "userDefined": false
      }
    ],
    "isTemplate": false,
    "count": 0,
    "updated": 0
  },
  {
    "id": "85a09596-d1fa-4277-af2c-54805a997e29",
    "data": [
      {
        "text": "I haven\u0027t received any code yet.",
        "userDefined": false
      }
    ],
    "isTemplate": false,
    "count": 0,
    "updated": 0
  }
]