[
  {
    "id": "702e9f03-7e72-4d61-af32-9151624d4f78",
    "data": [
      {
        "text": "check my balance",
        "userDefined": false
      }
    ],
    "isTemplate": false,
    "count": 0,
    "updated": 1499225055
  },
  {
    "id": "74649775-6d6f-4a94-9fac-c46bad4b944a",
    "data": [
      {
        "text": "tell me my account balance",
        "userDefined": false
      }
    ],
    "isTemplate": false,
    "count": 0,
    "updated": 0
  },
  {
    "id": "e0d3cfae-05fa-4a2e-a6a7-1da858731a9d",
    "data": [
      {
        "text": "I need to see my balance",
        "userDefined": false
      }
    ],
    "isTemplate": false,
    "count": 0,
    "updated": 0
  },
  {
    "id": "d9ef7c48-915d-49d1-8a94-786ed901aa70",
    "data": [
      {
        "text": "show me my money",
        "userDefined": false
      }
    ],
    "isTemplate": false,
    "count": 0,
    "updated": 0
  },
  {
    "id": "619cec6e-9eea-4303-8785-1acb12c5b333",
    "data": [
      {
        "text": "How much money do I have",
        "userDefined": false
      }
    ],
    "isTemplate": false,
    "count": 0,
    "updated": 0
  },
  {
    "id": "476ea50c-c8ea-4130-af23-dc5d1baab2d9",
    "data": [
      {
        "text": "show me my balance",
        "userDefined": false
      }
    ],
    "isTemplate": false,
    "count": 0,
    "updated": 0
  }
]