[
  {
    "id": "ad201b40-0bbb-42c2-ab1c-70c9ebe68ab4",
    "data": [
      {
        "text": "show my trading history",
        "userDefined": false
      }
    ],
    "isTemplate": false,
    "count": 0,
    "updated": 1499227254
  },
  {
    "id": "24467111-e378-4644-8af8-db26db664795",
    "data": [
      {
        "text": "show my transaction history",
        "userDefined": false
      }
    ],
    "isTemplate": false,
    "count": 0,
    "updated": 1499226862
  },
  {
    "id": "ec19e787-b546-4cff-b1c4-3bcc1e6c8b3d",
    "data": [
      {
        "text": "check my trading history",
        "userDefined": false
      }
    ],
    "isTemplate": false,
    "count": 0,
    "updated": 1499225096
  },
  {
    "id": "d3035f58-f381-4b22-9f40-bb0604453db0",
    "data": [
      {
        "text": "check my transaction history",
        "userDefined": false
      }
    ],
    "isTemplate": false,
    "count": 0,
    "updated": 1499225096
  },
  {
    "id": "dd1bd1f9-06de-478f-be8d-c2250032fd26",
    "data": [
      {
        "text": "I need to see my transaction history",
        "userDefined": false
      }
    ],
    "isTemplate": false,
    "count": 0,
    "updated": 1499225044
  },
  {
    "id": "83bd1c70-2608-4a5b-85cb-9cf5bc4d83df",
    "data": [
      {
        "text": "I need to see my transaction",
        "userDefined": false
      }
    ],
    "isTemplate": false,
    "count": 0,
    "updated": 1499225044
  },
  {
    "id": "18d40cce-5ba6-41a4-bc77-0fc0766c357c",
    "data": [
      {
        "text": "history",
        "userDefined": false
      }
    ],
    "isTemplate": false,
    "count": 0,
    "updated": 1499225044
  },
  {
    "id": "49dfad62-1681-4c6f-ab73-746823137ebd",
    "data": [
      {
        "text": "transaction history",
        "userDefined": false
      }
    ],
    "isTemplate": false,
    "count": 0,
    "updated": 1499225044
  },
  {
    "id": "e8253522-1933-4f86-a709-8ab56a1f7792",
    "data": [
      {
        "text": "show me my history",
        "userDefined": false
      }
    ],
    "isTemplate": false,
    "count": 0,
    "updated": 1499225044
  },
  {
    "id": "0861ccdb-296e-486b-a037-4c83a8cd7f37",
    "data": [
      {
        "text": "Tell me about my transaction history",
        "userDefined": false
      }
    ],
    "isTemplate": false,
    "count": 0,
    "updated": 1499225044
  }
]