[
  {
    "id": "a91c7821-17fe-4b62-aa16-f20b8c555efd",
    "data": [
      {
        "text": "cancel",
        "userDefined": false
      }
    ],
    "isTemplate": false,
    "count": 0,
    "updated": 1499240273
  },
  {
    "id": "7871d385-e9f7-4b37-b3b6-e44a0a19b9bf",
    "data": [
      {
        "text": "please end session",
        "userDefined": false
      }
    ],
    "isTemplate": false,
    "count": 0,
    "updated": 1499240273
  },
  {
    "id": "f56508a8-1f84-4a94-bf22-0fb78585a534",
    "data": [
      {
        "text": "please log out my account",
        "userDefined": false
      }
    ],
    "isTemplate": false,
    "count": 0,
    "updated": 1499240273
  },
  {
    "id": "bbf15cfb-a6ca-4361-af8d-88bfabb3c134",
    "data": [
      {
        "text": "sign out",
        "userDefined": false
      }
    ],
    "isTemplate": false,
    "count": 1,
    "updated": 1499240273
  },
  {
    "id": "45bc8d69-0548-42d4-af93-26ab1e5766b4",
    "data": [
      {
        "text": "log out",
        "userDefined": false
      }
    ],
    "isTemplate": false,
    "count": 0,
    "updated": 1499240273
  }
]